{
  "mean": [
    -0.002314378124946747,
    0.0027075911222375526,
    0.0020518400018941373,
    -0.00204984605704878,
    -0.0011612682378599915,
    -0.0033720368575596996,
    7.643124947224003e-05,
    -0.0012640296609601354,
    0.0019983813583379934,
    -0.003741718776699288,
    -0.002310759937815728,
    0.003290693435500442,
    -0.0017493928385445736,
    0.0022339206281008785,
    0.00017424217895481163,
    -0.0019243877811442403,
    0.0014033150211665653,
    -0.003319332383320729
  ],
  "std": [
    1.0048518396547084,
    1.0054395113833763,
    1.004002277066081,
    1.0047283215470213,
    1.0041418153388124,
    1.0022842515676187,
    1.0048138352616143,
    1.0049551325554011,
    1.0055128591814895,
    1.0049560287362744,
    1.0046456942293087,
    1.0021346118243653,
    1.003888609864266,
    1.0047612700979676,
    1.005013838720378,
    1.0047011898040525,
    1.0027973114731012,
    1.0020964682874367
  ]
}