{
  "data_dir": "data\\imu_dataset",
  "num_samples": 8110,
  "num_classes": 26,
  "classes": [
    "a",
    "b",
    "c",
    "d",
    "e",
    "f",
    "g",
    "h",
    "i",
    "j",
    "k",
    "l",
    "m",
    "n",
    "o",
    "p",
    "q",
    "r",
    "s",
    "t",
    "u",
    "v",
    "w",
    "x",
    "y",
    "z"
  ],
  "fixed_seq_len": 184,
  "min_samples_per_class": 5,
  "dropped_classes": [],
  "length_mean": 131.63431952662722,
  "length_std": 30.168618923182784,
  "length_min": 25,
  "length_p50": 130.0,
  "length_p95": 184.0,
  "length_max": 292,
  "truncated_count": 176,
  "truncated_pct": 5.207100591715976,
  "class_counts": {
    "10": 273,
    "14": 273,
    "9": 273,
    "12": 273,
    "0": 273,
    "5": 273,
    "19": 273,
    "3": 273,
    "22": 273,
    "8": 273,
    "18": 273,
    "7": 273,
    "21": 273,
    "2": 273,
    "1": 273,
    "11": 273,
    "23": 273,
    "13": 273,
    "24": 273,
    "16": 273,
    "6": 273,
    "4": 273,
    "17": 270,
    "25": 273,
    "20": 273,
    "15": 273
  },
  "random_state": 42,
  "split": {
    "train": 0.7,
    "val": 0.15,
    "test": 0.15
  },
  "augmentation": {
    "enabled": true,
    "copies": 2,
    "noise": 0.05,
    "scale": [
      0.8,
      1.2
    ]
  }
}